line,score,magnitude
!!!!!!!,0.20000000298023224,1.399999976158142
My Invisalign has finally...,0.6000000238418579,0.6000000238418579
I have taken out my Invisalign.,-0.30000001192092896,0.30000001192092896
"I have taken out my Invisalign, and this is the album.",0.20000000298023224,0.20000000298023224
"Hahahahahahahahahahaha, ahh",0.10000000149011612,0.10000000149011612
,,
8,0.0,10.100000381469727
"Wait a minute, let me finish.",-0.10000000149011612,0.10000000149011612
I know you don't care.,-0.699999988079071,0.699999988079071
But can you listen?,-0.10000000149011612,0.10000000149011612
"I came committed, guess I overdid it.",0.20000000298023224,0.20000000298023224
Wore my heart out on a chain.,0.20000000298023224,0.20000000298023224
"Around my neck, but now it's missin', hmm.",0.0,0.0
"Da-da-da-da-da-da (Hmm)
Da-da-da-da-da-da-da (Hmm, hmm, hmm, hmm)
Oh, hmm, hmm.",0.20000000298023224,0.20000000298023224
So I think I better go.,0.30000001192092896,0.30000001192092896
I never really know how to please you.,0.4000000059604645,0.4000000059604645
You're lookin' at me like I'm see-through.,-0.5,0.5
I guess I'm gonna go.,0.0,0.0
I just never know how you feel.,0.0,0.0
Do you even feel anything?,-0.6000000238418579,0.6000000238418579
Da-da-da-da-da-da-da.,0.20000000298023224,0.20000000298023224
Da-da-da-da-da-da-da.,0.20000000298023224,0.20000000298023224
"Oh, hmm, hmm.",0.10000000149011612,0.10000000149011612
"You said, ""Don't treat me badly""
But you said it so sadly.",-0.699999988079071,0.699999988079071
So I did the best I could.,0.30000001192092896,0.30000001192092896
Not thinkin' you would have left me gladly.,-0.30000001192092896,0.30000001192092896
I know you're not sorry.,0.30000001192092896,0.30000001192092896
Why should you be?,-0.4000000059604645,0.4000000059604645
'Cause who am I to be in love.,0.800000011920929,0.800000011920929
When your love never is for me?,0.0,0.0
Me.,0.10000000149011612,0.10000000149011612
"Da-da-da-da-da-da-da (Hmm)
Da-da-da-da-da-da-da (Hmm, hmm, hmm, hmm)
Oh, hmm, hmm.",0.20000000298023224,0.20000000298023224
So I think I better go.,0.30000001192092896,0.30000001192092896
I never really know how to please you.,0.4000000059604645,0.4000000059604645
You're lookin' at me like I'm see-through.,-0.5,0.5
I guess I'm gonna go.,0.0,0.0
I just never know how you feel.,0.0,0.0
Do you even feel anything?,-0.6000000238418579,0.6000000238418579
,,
All the Good Girls Go to Hell,-0.30000001192092896,18.0
My Lucifer is lonely.,-0.699999988079071,0.699999988079071
"Standing there, killing time.",0.0,0.0
Can't commit to anything but a crime.,-0.6000000238418579,0.6000000238418579
"Peter's on vacation, an open invitation.",0.10000000149011612,0.10000000149011612
"Animals, evidence.",0.0,0.0
Pearly Gates look more like a picket fence.,-0.5,0.5
Once you get inside 'em.,0.10000000149011612,0.10000000149011612
Got friends but can't invite them.,-0.699999988079071,0.699999988079071
Hills burn in California.,-0.699999988079071,0.699999988079071
My turn to ignore ya.,-0.6000000238418579,0.6000000238418579
Don't say I didn't warn ya.,-0.699999988079071,0.699999988079071
All the good girls go to Hell.,0.30000001192092896,0.30000001192092896
'Cause even God herself has enemies.,-0.5,0.5
And once the water starts to rise.,-0.10000000149011612,0.10000000149011612
And Heaven's out of sight.,0.0,0.0
She'll want the Devil on her team.,0.10000000149011612,0.10000000149011612
My Lucifer is lonely.,-0.699999988079071,0.699999988079071
Look at you needing me.,-0.30000001192092896,0.30000001192092896
You know I'm not your friend without some greenery.,-0.20000000298023224,0.20000000298023224
Walk in wearin' fetters.,0.0,0.0
Peter should know better.,-0.6000000238418579,0.6000000238418579
Your cover up is caving in.,0.0,0.0
"Man is such a fool, why are we saving him?",-0.8999999761581421,0.8999999761581421
Poisoning themselves now.,-0.30000001192092896,0.30000001192092896
"Begging for our help, wow.",0.6000000238418579,0.6000000238418579
Hills burn in California.,-0.699999988079071,0.699999988079071
My turn to ignore ya.,-0.6000000238418579,0.6000000238418579
Don't say I didn't warn ya.,-0.699999988079071,0.699999988079071
"All the good girls go to Hell (All the good girls go to Hell)
'Cause even God herself (God herself) has enemies.",-0.4000000059604645,0.4000000059604645
"And once the water starts to rise (Water starts to rise)
And Heaven's out of sight.",0.0,0.0
She'll want the Devil on her team.,0.10000000149011612,0.10000000149011612
My Lucifer is lonely.,-0.699999988079071,0.699999988079071
There's nothing left to save now.,-0.6000000238418579,0.6000000238418579
My god is gonna owe me.,-0.6000000238418579,0.6000000238418579
There's nothing left to save now.,-0.6000000238418579,0.6000000238418579
Haha!,0.8999999761581421,0.8999999761581421
I cannot do the snowflake,-0.800000011920929,0.800000011920929
,,
&Burn,-0.10000000149011612,18.799999237060547
Lips meet teeth and tongue.,0.10000000149011612,0.10000000149011612
"My heart skips eight beats at once (That's better)
If we were meant to be, we would have been by now.",0.0,0.0
"See what you wanna see, all I see is him right now.",-0.20000000298023224,0.20000000298023224
H-h-him right now.,-0.30000001192092896,0.30000001192092896
I'll sit and watch your car burn.,-0.699999988079071,0.699999988079071
With the fire that you started in me.,0.0,0.0
But you never came back to ask it out.,-0.6000000238418579,0.6000000238418579
Go ahead and watch my heart burn.,-0.10000000149011612,0.10000000149011612
With the fire that you started in me.,0.0,0.0
But I'll never let you back to put it out.,-0.30000001192092896,0.30000001192092896
(Thanks),0.6000000238418579,0.6000000238418579
Your love feels so fake.,-0.800000011920929,0.800000011920929
My demands aren't high to make.,-0.30000001192092896,0.30000001192092896
"If I could get to sleep, I would have slept by now (Ahh)
Your lies will never keep, I think you need to blow them out.",-0.800000011920929,0.800000011920929
(B-b-blow them out),0.0,0.0
I'll sit and watch your car burn.,-0.699999988079071,0.699999988079071
With the fire that you started in me.,0.0,0.0
But you never came back to ask it out.,-0.6000000238418579,0.6000000238418579
Go ahead and watch my heart burn.,-0.10000000149011612,0.10000000149011612
With the fire that you started in me.,0.0,0.0
But I'll never let you back to put it out.,-0.30000001192092896,0.30000001192092896
7-4-2008.,0.0,0.0
I still remember that.,-0.10000000149011612,0.10000000149011612
Heaven sent a present my way.,0.30000001192092896,0.30000001192092896
I won't forget your laugh.,0.8999999761581421,0.8999999761581421
Packing everything when you leave.,-0.20000000298023224,0.20000000298023224
You know you coming back.,0.6000000238418579,0.6000000238418579
Wanna see me down on my knees.,-0.699999988079071,0.699999988079071
But that was made for a ring.,-0.10000000149011612,0.10000000149011612
I try to wait for the storm to calm down.,0.0,0.0
"But that's stubborn, baby, leading to war.",-0.4000000059604645,0.4000000059604645
We droned down on each other.,0.0,0.0
Tryin' to even the score.,-0.20000000298023224,0.20000000298023224
We all been found guilty in the court of aorta.,-0.4000000059604645,0.4000000059604645
And I'll watch your car burn.,-0.699999988079071,0.699999988079071
With the fire that you started in me.,0.0,0.0
But you never came back to ask it out.,-0.6000000238418579,0.6000000238418579
Go ahead and watch my heart burn.,-0.10000000149011612,0.10000000149011612
With the fire that you started in me.,0.0,0.0
But I'll never let you back to put it out.,-0.30000001192092896,0.30000001192092896
"Watch your car, watch your car burn.",-0.800000011920929,0.800000011920929
I won't forget your laugh.,0.8999999761581421,0.8999999761581421
"Go ahead and watch my heart, watch my heart burn.",-0.20000000298023224,0.20000000298023224
"You know you coming back, you know you coming back.",0.699999988079071,0.699999988079071
"Watch your car, watch your car burn.",-0.800000011920929,0.800000011920929
"(Go ahead and watch my heart, watch my heart burn)
Tryna even the score.",-0.30000001192092896,0.30000001192092896
"Go ahead and watch my heart, watch my heart burn.",-0.20000000298023224,0.20000000298023224
Found guilty in the court of aorta,-0.4000000059604645,0.4000000059604645
,,
Bad Guy,-0.20000000298023224,28.700000762939453
"White shirt now red, my bloody nose.",-0.6000000238418579,0.6000000238418579
"Sleepin', you're on your tippy toes.",0.0,0.0
Creepin' around like no one knows.,0.10000000149011612,0.10000000149011612
Think you're so criminal.,-0.8999999761581421,0.8999999761581421
Bruises on both my knees for you.,0.5,0.5
Don't say thank you or please.,-0.699999988079071,0.699999988079071
I do what I want when I'm wanting to.,0.800000011920929,0.800000011920929
My soul?,-0.10000000149011612,0.10000000149011612
So cynical.,-0.699999988079071,0.699999988079071
So you're a tough guy.,-0.5,0.5
Like it really rough guy.,0.0,0.0
Just can't get enough guy.,0.5,0.5
Chest always so puffed guy.,0.699999988079071,0.699999988079071
I'm that bad type.,-0.800000011920929,0.800000011920929
Make your mama sad type.,-0.5,0.5
Make your girlfriend mad tight.,-0.4000000059604645,0.4000000059604645
Might seduce your dad type.,-0.4000000059604645,0.4000000059604645
I'm the bad guy.,-0.699999988079071,0.699999988079071
Duh.,0.20000000298023224,0.20000000298023224
I'm the bad guy.,-0.699999988079071,0.699999988079071
I like it when you take control.,0.800000011920929,0.800000011920929
Even if you know that you don't.,-0.20000000298023224,0.20000000298023224
"Own me, I'll let you play the role.",0.20000000298023224,0.20000000298023224
I'll be your animal.,0.20000000298023224,0.20000000298023224
My mommy likes to sing along with me.,0.8999999761581421,0.8999999761581421
But she won't sing this song.,-0.800000011920929,0.800000011920929
If she reads all the lyrics.,0.0,0.0
She'll pity the men I know.,-0.8999999761581421,0.8999999761581421
So you're a tough guy.,-0.5,0.5
Like it really rough guy.,0.0,0.0
Just can't get enough guy.,0.5,0.5
Chest always so puffed guy.,0.699999988079071,0.699999988079071
I'm that bad type.,-0.800000011920929,0.800000011920929
Make your mama sad type.,-0.5,0.5
Make your girlfriend mad tight.,-0.4000000059604645,0.4000000059604645
Might seduce your dad type.,-0.4000000059604645,0.4000000059604645
I'm the bad guy.,-0.699999988079071,0.699999988079071
Duh.,0.20000000298023224,0.20000000298023224
"I'm the bad guy, duh.",-0.699999988079071,0.699999988079071
"I'm only good at bein' bad, bad.",-0.699999988079071,0.699999988079071
I like when you get mad.,0.8999999761581421,0.8999999761581421
I guess I'm pretty glad that you're alone.,0.8999999761581421,0.8999999761581421
You said she's scared of me?,-0.699999988079071,0.699999988079071
"I mean, I don't see what she sees.",-0.699999988079071,0.699999988079071
But maybe it's 'cause I'm wearing your cologne.,0.0,0.0
I'm a bad guy.,-0.800000011920929,0.800000011920929
"I'm, I'm a bad guy.",-0.800000011920929,0.800000011920929
"Bad guy, bad guy.",-0.699999988079071,0.699999988079071
I'm a bad,-0.800000011920929,0.800000011920929
,,
Bellyache,-0.10000000149011612,19.899999618530273
Mind.,0.20000000298023224,0.20000000298023224
Mind.,0.20000000298023224,0.20000000298023224
Sittin' all alone.,-0.20000000298023224,0.20000000298023224
Mouth full of gum.,0.30000001192092896,0.30000001192092896
In the driveway.,-0.30000001192092896,0.30000001192092896
My friends aren't far.,-0.4000000059604645,0.4000000059604645
In the back of my car.,-0.10000000149011612,0.10000000149011612
Lay their bodies.,-0.10000000149011612,0.10000000149011612
Where's my mind?,-0.30000001192092896,0.30000001192092896
Where's my mind?,-0.30000001192092896,0.30000001192092896
They'll be here pretty soon.,0.5,0.5
Lookin' through my room.,-0.5,0.5
For the money.,0.20000000298023224,0.20000000298023224
I'm bitin' my nails.,0.10000000149011612,0.10000000149011612
I'm too young to go to jail.,-0.699999988079071,0.699999988079071
It's kinda funny.,0.800000011920929,0.800000011920929
Where's my mind?,-0.30000001192092896,0.30000001192092896
Where's my mind?,-0.30000001192092896,0.30000001192092896
Where's my mind?,-0.30000001192092896,0.30000001192092896
Where's my mind?,-0.30000001192092896,0.30000001192092896
Maybe it's in the gutter.,-0.5,0.5
Where I left my lover.,0.5,0.5
What an expensive fake.,-0.800000011920929,0.800000011920929
My V is for Vendetta.,0.0,0.0
Thought that I'd feel better.,-0.30000001192092896,0.30000001192092896
But now I got a bellyache.,-0.30000001192092896,0.30000001192092896
(Mind),0.20000000298023224,0.20000000298023224
Everything I do.,0.6000000238418579,0.6000000238418579
The way I wear my noose.,0.5,0.5
Like a necklace.,0.30000001192092896,0.30000001192092896
I wanna make 'em scared.,-0.30000001192092896,0.30000001192092896
Like I could be anywhere.,0.20000000298023224,0.20000000298023224
Like I'm reckless.,-0.800000011920929,0.800000011920929
I lost my mind.,-0.5,0.5
I don't mind.,0.10000000149011612,0.10000000149011612
Where's my mind?,-0.30000001192092896,0.30000001192092896
Where's my mind?,-0.30000001192092896,0.30000001192092896
Maybe it's in the gutter.,-0.5,0.5
Where I left my lover.,0.5,0.5
What an expensive fake.,-0.800000011920929,0.800000011920929
My V is for Vendetta.,0.0,0.0
Thought that I'd feel better.,-0.30000001192092896,0.30000001192092896
But now I got a bellyache.,-0.30000001192092896,0.30000001192092896
"(Bellyache, bellyache, bellyache, bellyache.",0.0,0.0
"Bellyache, bellyache)
Maybe it's in the gutter.",-0.4000000059604645,0.4000000059604645
Where I left my lover.,0.5,0.5
What an expensive fake.,-0.800000011920929,0.800000011920929
My V is for Vendetta.,0.0,0.0
Thought that I'd feel better.,-0.30000001192092896,0.30000001192092896
But now I got a bellyache,-0.10000000149011612,0.10000000149011612
,,
Bitches Broken Hearts,-0.30000001192092896,11.199999809265137
"You can pretend you don't miss me (Me)
You can pretend you don't care.",-0.30000001192092896,0.30000001192092896
"All you wanna do is kiss me (Me)
Oh, what a shame, I'm not there.",-0.800000011920929,0.800000011920929
"You can pretend you don't miss me (Me)
You can pretend you don't care.",-0.30000001192092896,0.30000001192092896
"All you wanna do is kiss me (Me)
Well, what a shame, I'm not there.",-0.800000011920929,0.800000011920929
What is it you want?,-0.20000000298023224,0.20000000298023224
"You can lie, but I know that you're not fine.",-0.4000000059604645,0.4000000059604645
Every time you talk.,-0.10000000149011612,0.10000000149011612
"It's all 'bout me, but you swear I'm not on your mind.",0.0,0.0
"You can pretend you don't miss me (Me)
You can pretend you don't care.",-0.30000001192092896,0.30000001192092896
"All you wanna do is kiss me (Me)
Oh, what a shame, I'm not there.",-0.800000011920929,0.800000011920929
Everybody knows.,0.10000000149011612,0.10000000149011612
"You and I are suicide and stolen art (Art)
Pretty mama sews.",-0.800000011920929,0.800000011920929
Stitches into all your bitches broken hearts.,-0.5,0.5
"You can pretend you don't miss me (Me)
You can pretend you don't care.",-0.30000001192092896,0.30000001192092896
"All you wanna do is kiss me (Me)
Oh, what a shame, I'm not there.",-0.800000011920929,0.800000011920929
Somebody new is gonna comfort you.,0.800000011920929,0.800000011920929
Like you want me to.,0.0,0.0
Somebody new is gonna comfort me.,0.800000011920929,0.800000011920929
Like you never do.,-0.6000000238418579,0.6000000238418579
"Every now and then, it hits me.",-0.30000001192092896,0.30000001192092896
That I'm the one that got away.,-0.30000001192092896,0.30000001192092896
But I guess being lonely fits me.,-0.20000000298023224,0.20000000298023224
"And you were made for begging, ""stay""",-0.6000000238418579,0.6000000238418579
,,
Bored,-0.10000000149011612,21.5
Aah.,0.20000000298023224,0.20000000298023224
Aah.,0.20000000298023224,0.20000000298023224
The games you played were never fun.,-0.699999988079071,0.699999988079071
You'd say you'd stay but then you'd run.,-0.6000000238418579,0.6000000238418579
Aah.,0.20000000298023224,0.20000000298023224
Giving you what you're begging for.,-0.10000000149011612,0.10000000149011612
Giving you what you say I need.,0.30000001192092896,0.30000001192092896
I don't want any settled scores.,-0.800000011920929,0.800000011920929
I just want you to set me free.,-0.20000000298023224,0.20000000298023224
Giving you what you're begging for.,-0.10000000149011612,0.10000000149011612
"Giving you what you say I need, say I need.",0.30000001192092896,0.30000001192092896
I'm not afraid anymore.,0.800000011920929,0.800000011920929
What makes you sure you're all I need?,0.20000000298023224,0.20000000298023224
"(I need)
Forget about it.",-0.6000000238418579,0.6000000238418579
When you walk out the door and leave me torn.,-0.800000011920929,0.800000011920929
You're teaching me to live without it.,0.0,0.0
"Bored, I'm so bored, I'm so bored, so bored.",-0.800000011920929,0.800000011920929
"I'm home alone, you're God-knows-where.",0.0,0.0
I hope you don't think that shit's fair.,-0.8999999761581421,0.8999999761581421
Aah.,0.20000000298023224,0.20000000298023224
Giving you all you want and more.,0.8999999761581421,0.8999999761581421
Giving you every piece of me.,0.6000000238418579,0.6000000238418579
I don't want love I can't afford.,-0.6000000238418579,0.6000000238418579
I just want you to love for free.,0.6000000238418579,0.6000000238418579
Can't you see that I'm getting bored?,-0.5,0.5
"Giving you every piece of me, piece of me.",0.0,0.0
I'm not afraid anymore.,0.800000011920929,0.800000011920929
What makes you sure you're all I need?,0.20000000298023224,0.20000000298023224
Forget about it.,-0.699999988079071,0.699999988079071
When you walk out the door and leave me torn.,-0.800000011920929,0.800000011920929
You're teaching me to live without it.,0.0,0.0
"Bored, I'm so bored, I'm so bored, so bored.",-0.800000011920929,0.800000011920929
Giving you what you're begging for.,-0.10000000149011612,0.10000000149011612
Giving you what you say I need.,0.30000001192092896,0.30000001192092896
I don't want any settled scores.,-0.800000011920929,0.800000011920929
I just want you to set me free.,-0.20000000298023224,0.20000000298023224
Giving you what you're begging for.,-0.10000000149011612,0.10000000149011612
"Giving you what you say I need, say I need.",0.30000001192092896,0.30000001192092896
I'm not afraid anymore.,0.800000011920929,0.800000011920929
What makes you sure you're all I need?,0.20000000298023224,0.20000000298023224
Forget about it.,-0.699999988079071,0.699999988079071
And when you walk out the door and leave me torn.,-0.800000011920929,0.800000011920929
You're teaching me to live without it,0.20000000298023224,0.20000000298023224
,,
Bury a Friend,-0.20000000298023224,20.200000762939453
Billie.,0.20000000298023224,0.20000000298023224
What do you want from me?,-0.20000000298023224,0.20000000298023224
Why don't you run from me?,-0.5,0.5
What are you wondering?,0.10000000149011612,0.10000000149011612
What do you know?,0.0,0.0
Why aren't you scared of me?,-0.5,0.5
Why do you care for me?,-0.6000000238418579,0.6000000238418579
"When we all fall asleep, where do we go?",-0.10000000149011612,0.10000000149011612
Come here.,0.30000001192092896,0.30000001192092896
"Say it, spit it out, what is it exactly.",-0.30000001192092896,0.30000001192092896
You're payin'?,-0.30000001192092896,0.30000001192092896
Is the amount cleanin' you out?,-0.10000000149011612,0.10000000149011612
Am I satisfactory?,0.0,0.0
"Today, I'm thinkin' about the things that are deadly.",-0.20000000298023224,0.20000000298023224
The way I'm drinkin' you down.,-0.20000000298023224,0.20000000298023224
"Like I wanna drown, like I wanna end me.",-0.800000011920929,0.800000011920929
"Step on the glass, staple your tongue (Ahh)
Bury a friend, try to wake up (Ah-ahh)
Cannibal class, killing the son (Ahh)
Bury a friend, I wanna end me.",-0.6000000238418579,0.6000000238418579
I wanna end me.,-0.800000011920929,0.800000011920929
"I wanna, I wanna, I wanna… end me.",-0.699999988079071,0.699999988079071
"I wanna, I wanna, I wanna…",0.30000001192092896,0.30000001192092896
What do you want from me?,-0.20000000298023224,0.20000000298023224
Why don't you run from me?,-0.5,0.5
What are you wondering?,0.10000000149011612,0.10000000149011612
What do you know?,0.0,0.0
Why aren't you scared of me?,-0.5,0.5
Why do you care for me?,-0.6000000238418579,0.6000000238418579
"When we all fall asleep, where do we go?",-0.10000000149011612,0.10000000149011612
Listen.,0.20000000298023224,0.20000000298023224
"Keep you in the dark, what had you expected?",-0.20000000298023224,0.20000000298023224
Me to make you my art and make you a star.,0.4000000059604645,0.4000000059604645
And get you connected?,0.0,0.0
"I'll meet you in the park, I'll be calm and collected.",0.6000000238418579,0.6000000238418579
But we knew right from the start that you'd fall apart.,-0.30000001192092896,0.30000001192092896
'Cause I'm too expensive.,-0.800000011920929,0.800000011920929
It's probably somethin' that shouldn't be said out loud.,-0.5,0.5
"Honestly, I thought that I would be dead by now (Wow)
Calling security, keepin' my head held down.",0.20000000298023224,0.20000000298023224
Bury the hatchet or bury a friend right now.,-0.10000000149011612,0.10000000149011612
"The debt I owe, gotta sell my soul.",0.10000000149011612,0.10000000149011612
"'Cause I can't say no, no, I can't say no.",0.10000000149011612,0.10000000149011612
Then my limbs all froze and my eyes won't close.,-0.800000011920929,0.800000011920929
"And I can't say no, I can't say no.",0.0,0.0
Careful.,-0.10000000149011612,0.10000000149011612
"Step on the glass, staple your tongue (Ahh)
Bury a friend, try to wake up (Ah-ahh)
Cannibal class, killing the son (Ahh)
Bury a friend, I wanna end me.",-0.6000000238418579,0.6000000238418579
I wanna end me.,-0.800000011920929,0.800000011920929
"I wanna, I wanna, I wanna… end me.",-0.699999988079071,0.699999988079071
"I wanna, I wanna, I wanna…",0.30000001192092896,0.30000001192092896
What do you want from me?,-0.20000000298023224,0.20000000298023224
Why don't you run from me?,-0.5,0.5
What are you wondering?,0.10000000149011612,0.10000000149011612
What do you know?,0.0,0.0
Why aren't you scared of me?,-0.5,0.5
Why do you care for me?,-0.6000000238418579,0.6000000238418579
"When we all fall asleep, where do we go?",-0.10000000149011612,0.10000000149011612
,,
Come Out and Play,0.0,14.199999809265137
Hmm-mm.,0.0,0.0
Wake up and smell the coffee.,-0.5,0.5
Is your cup half full or empty?,0.0,0.0
"When we talk, you say it softly.",0.20000000298023224,0.20000000298023224
But I love it when you're awfully quiet.,0.5,0.5
"Hmm-mm, quiet.",0.20000000298023224,0.20000000298023224
Hmm-mm.,0.0,0.0
You see the piece of paper.,-0.4000000059604645,0.4000000059604645
Could be a little greater.,-0.30000001192092896,0.30000001192092896
Show me what you could make her.,-0.10000000149011612,0.10000000149011612
You'll never know until you try it.,0.800000011920929,0.800000011920929
Hmm-mm.,0.0,0.0
And you don't have to keep it quiet.,0.800000011920929,0.800000011920929
And I know it makes you nervous.,-0.8999999761581421,0.8999999761581421
"But I promise you, it's worth it.",0.8999999761581421,0.8999999761581421
To show 'em everything you kept inside.,0.30000001192092896,0.30000001192092896
"Don't hide, don't hide.",-0.699999988079071,0.699999988079071
"Too shy to say, but I hope you stay.",0.0,0.0
Don't hide away.,-0.30000001192092896,0.30000001192092896
Come out and play.,0.5,0.5
"Look up, out of your window.",-0.30000001192092896,0.30000001192092896
"See snow, won't let it in though.",-0.30000001192092896,0.30000001192092896
"Leave home, feel the wind blow.",0.0,0.0
'Cause it's colder here inside in silence.,-0.4000000059604645,0.4000000059604645
And you don't have to keep it quiet.,0.800000011920929,0.800000011920929
"Yeah, I know it makes you nervous.",-0.8999999761581421,0.8999999761581421
"But I promise you, it's worth it.",0.8999999761581421,0.8999999761581421
To show 'em everything you kept inside.,0.30000001192092896,0.30000001192092896
"Don't hide, don't hide.",-0.699999988079071,0.699999988079071
Too shy to say but I hope you stay.,0.0,0.0
Don't hide away.,-0.30000001192092896,0.30000001192092896
Come out and play,0.5,0.5
,,
Copycat,-0.4000000059604645,22.399999618530273
"Don't be cautious, don't be kind.",-0.699999988079071,0.699999988079071
"You committed, I'm your crime.",-0.6000000238418579,0.6000000238418579
Push my button anytime.,0.0,0.0
"You got your finger on the trigger, but your trigger finger's mine.",-0.20000000298023224,0.20000000298023224
"Silver dollar, golden flame.",0.4000000059604645,0.4000000059604645
"Dirty water, poison rain.",-0.800000011920929,0.800000011920929
"Perfect murder, take your aim.",0.4000000059604645,0.4000000059604645
"I don't belong to anyone, but everybody knows my name.",0.4000000059604645,0.4000000059604645
"By the way, you've been uninvited.",-0.30000001192092896,0.30000001192092896
'Cause all you say are all the same things I did.,-0.30000001192092896,0.30000001192092896
Copycat tryna cop my manner.,-0.699999988079071,0.699999988079071
Watch your back when you can't watch mine.,-0.699999988079071,0.699999988079071
Copycat tryna cop my glamour.,0.0,0.0
"Why so sad, bunny?",-0.699999988079071,0.699999988079071
Can't have mine.,-0.800000011920929,0.800000011920929
"Call me calloused, call me cold.",-0.30000001192092896,0.30000001192092896
"You're italic, I'm in bold.",-0.4000000059604645,0.4000000059604645
"Call me cocky, watch your tone.",-0.699999988079071,0.699999988079071
"You better love me, 'cause you're just a clone.",0.0,0.0
"By the way, you've been uninvited.",-0.30000001192092896,0.30000001192092896
'Cause all you say are all the same things I did.,-0.30000001192092896,0.30000001192092896
Copycat tryna cop my manner.,-0.699999988079071,0.699999988079071
Watch your back when you can't watch mine.,-0.699999988079071,0.699999988079071
Copycat tryna cop my glamour.,0.0,0.0
"Why so sad, bunny?",-0.699999988079071,0.699999988079071
Can't have mine.,-0.800000011920929,0.800000011920929
Mine.,0.0,0.0
I would hate to see you go.,-0.800000011920929,0.800000011920929
Hate to be the one that told you so.,-0.8999999761581421,0.8999999761581421
You just crossed the line.,-0.30000001192092896,0.30000001192092896
You've run out of time.,-0.800000011920929,0.800000011920929
"I'm so sorry, now you know.",-0.800000011920929,0.800000011920929
Sorry I'm the one that told you so.,-0.6000000238418579,0.6000000238418579
"Sorry, sorry, I'm sorry, sorry.",-0.699999988079071,0.699999988079071
Psych.,0.20000000298023224,0.20000000298023224
"By the way, you've been uninvited.",-0.30000001192092896,0.30000001192092896
'Cause all you say are all the same things I did.,-0.30000001192092896,0.30000001192092896
Copycat tryna cop my manner.,-0.699999988079071,0.699999988079071
Watch your back when you can't watch mine.,-0.699999988079071,0.699999988079071
Copycat tryna cop my glamour.,0.0,0.0
"Why so sad, bunny?",-0.699999988079071,0.699999988079071
Can't have mine,-0.800000011920929,0.800000011920929
,,
Everything I Wanted,0.0,19.700000762939453
I had a dream.,0.800000011920929,0.800000011920929
I got everything I wanted.,0.8999999761581421,0.8999999761581421
Not what you'd think.,-0.699999988079071,0.699999988079071
And if I'm bein' honest.,-0.4000000059604645,0.4000000059604645
It might've been a nightmare.,-0.800000011920929,0.800000011920929
To anyone who might care.,0.4000000059604645,0.4000000059604645
"Thought I could fly (Fly)
So I stepped off the Golden, mm.",-0.4000000059604645,0.4000000059604645
"Nobody cried (Cried, cried, cried, cried)
Nobody even noticed.",0.0,0.0
I saw them standing right there.,0.0,0.0
"Kinda thought they might care (Might care, might care)",0.0,0.0
I had a dream.,0.800000011920929,0.800000011920929
I got everything I wanted.,0.8999999761581421,0.8999999761581421
"But when I wake up, I see.",0.0,0.0
You with me.,0.0,0.0
"And you say, ""As long as I'm here, no one can hurt you.",0.10000000149011612,0.10000000149011612
"Don't wanna lie here, but you can learn to.",0.30000001192092896,0.30000001192092896
If I could change the way that you see yourself.,-0.20000000298023224,0.20000000298023224
You wouldn't wonder why you hear.,-0.30000001192092896,0.30000001192092896
"'They don't deserve you'""",-0.800000011920929,0.800000011920929
I tried to scream.,-0.30000001192092896,0.30000001192092896
But my head was underwater.,-0.5,0.5
They called me weak.,-0.800000011920929,0.800000011920929
Like I'm not just somebody's daughter.,-0.10000000149011612,0.10000000149011612
Coulda been a nightmare.,-0.8999999761581421,0.8999999761581421
But it felt like they were right there.,0.5,0.5
And it feels like yesterday was a year ago.,-0.5,0.5
But I don't wanna let anybody know.,-0.699999988079071,0.699999988079071
'Cause everybody wants something from me now.,0.10000000149011612,0.10000000149011612
And I don't wanna let 'em down.,0.30000001192092896,0.30000001192092896
I had a dream.,0.800000011920929,0.800000011920929
I got everything I wanted.,0.8999999761581421,0.8999999761581421
"But when I wake up, I see.",0.0,0.0
You with me.,0.0,0.0
"And you say, ""As long as I'm here, no one can hurt you.",0.10000000149011612,0.10000000149011612
"Don't wanna lie here, but you can learn to.",0.30000001192092896,0.30000001192092896
If I could change the way that you see yourself.,-0.20000000298023224,0.20000000298023224
You wouldn't wonder why you hear.,-0.30000001192092896,0.30000001192092896
"'They don't deserve you'""",-0.800000011920929,0.800000011920929
"If I knew it all then, would I do it again?",0.0,0.0
Would I do it again?,-0.20000000298023224,0.20000000298023224
If they knew what they said would go straight to my head.,-0.4000000059604645,0.4000000059604645
What would they say instead?,-0.20000000298023224,0.20000000298023224
"If I knew it all then, would I do it again?",0.0,0.0
Would I do it again?,-0.20000000298023224,0.20000000298023224
If they knew what they said would go straight to my head.,-0.4000000059604645,0.4000000059604645
What would they say instead?,-0.20000000298023224,0.20000000298023224
,,
Goodbye,-0.30000001192092896,6.5
"Please, please.",-0.20000000298023224,0.20000000298023224
Don't leave﻿ me.,-0.4000000059604645,0.4000000059604645
Be.,0.20000000298023224,0.20000000298023224
It's not true.,-0.800000011920929,0.800000011920929
Take me to the rooftop.,0.10000000149011612,0.10000000149011612
Told you not to worry.,-0.10000000149011612,0.10000000149011612
What do you want from me?,-0.20000000298023224,0.20000000298023224
Don't ask questions.,-0.699999988079071,0.699999988079071
Wait a minute.,-0.30000001192092896,0.30000001192092896
Don't you know I'm no good for you?,-0.699999988079071,0.699999988079071
"Baby, I don't feel so good.",-0.800000011920929,0.800000011920929
And all the good girls go ﻿to Hell.,0.20000000298023224,0.20000000298023224
"Bite my tongue, bide my time.",-0.20000000298023224,0.20000000298023224
What is it about them?,0.0,0.0
I'm the bad guy,-0.699999988079071,0.699999988079071
,,
Hostage,-0.20000000298023224,11.699999809265137
I wanna be alone.,-0.20000000298023224,0.20000000298023224
"Alone with you, does that make sense?",-0.30000001192092896,0.30000001192092896
I wanna steal your soul.,-0.6000000238418579,0.6000000238418579
And hide you in my treasure chest.,-0.10000000149011612,0.10000000149011612
I don't know what to do.,-0.699999988079071,0.699999988079071
To do with your kiss on my neck.,-0.30000001192092896,0.30000001192092896
I don't know what feels true.,-0.20000000298023224,0.20000000298023224
"But this feels right, so stay a sec.",0.4000000059604645,0.4000000059604645
"Yeah, you feel right, so stay a sec.",0.10000000149011612,0.10000000149011612
And let me crawl inside your veins.,-0.10000000149011612,0.10000000149011612
"I'll build a wall, give you a ball and chain.",0.0,0.0
"It's not like me to be so mean, you're all I wanted.",-0.6000000238418579,0.6000000238418579
Just let me hold you.,-0.4000000059604645,0.4000000059604645
Like a hostage.,-0.699999988079071,0.699999988079071
Gold on your fingertips.,0.8999999761581421,0.8999999761581421
Fingertips against my cheek.,-0.4000000059604645,0.4000000059604645
Gold leaf across your lips.,0.10000000149011612,0.10000000149011612
Kiss me until I can't speak.,0.0,0.0
Gold chain beneath your shirt.,0.0,0.0
The shirt that you let me wear home.,0.800000011920929,0.800000011920929
Gold's fake and real love hurts.,-0.6000000238418579,0.6000000238418579
But nothing hurts when I'm alone.,0.10000000149011612,0.10000000149011612
When you're with me and we're alone.,0.0,0.0
And let me crawl inside your veins.,-0.10000000149011612,0.10000000149011612
"I'll build a wall, give you a ball and chain.",0.0,0.0
"It's not like me to be so mean, you're all I wanted.",-0.6000000238418579,0.6000000238418579
Just let me hold you.,-0.4000000059604645,0.4000000059604645
Hold you.,-0.20000000298023224,0.20000000298023224
Like a hostage.,-0.699999988079071,0.699999988079071
Like a hostage,-0.6000000238418579,0.6000000238418579
,,
I Love You,-0.10000000149011612,14.0
It's not true.,-0.800000011920929,0.800000011920929
Tell me I’ve been lied to.,-0.800000011920929,0.800000011920929
"Crying isn't like you, ooh.",-0.699999988079071,0.699999988079071
What the hell did I do?,-0.699999988079071,0.699999988079071
Never been the type to.,-0.4000000059604645,0.4000000059604645
"Let someone see right through, ooh.",-0.4000000059604645,0.4000000059604645
Maybe won't you take it back?,-0.20000000298023224,0.20000000298023224
Say you were tryna make me laugh.,0.5,0.5
And nothing has to change today.,0.0,0.0
"You didn’t mean to say ""I love you""
I love you and I don't want to, ooh.",0.10000000149011612,0.10000000149011612
Up all night on another red-eye.,0.0,0.0
I wish we never learned to fly.,-0.800000011920929,0.800000011920929
Maybe we should just try.,-0.10000000149011612,0.10000000149011612
To tell ourselves a good lie.,-0.699999988079071,0.699999988079071
Didn't mean to make you cry.,-0.699999988079071,0.699999988079071
Maybe won't you take it back?,-0.20000000298023224,0.20000000298023224
Say you were tryna make me laugh.,0.5,0.5
And nothing has to change today.,0.0,0.0
"You didn't mean to say ""I love you""
I love you and I don't want to, ooh.",0.10000000149011612,0.10000000149011612
The smile that you gave me.,0.8999999761581421,0.8999999761581421
Even when you felt like dying.,0.0,0.0
We fall apart as it gets dark.,-0.6000000238418579,0.6000000238418579
I'm in your arms in Central Park.,-0.30000001192092896,0.30000001192092896
There's nothing you could do or say.,-0.6000000238418579,0.6000000238418579
I can’t escape the way I love you.,0.8999999761581421,0.8999999761581421
"I don’t want to, but I love you, ooh.",0.8999999761581421,0.8999999761581421
"Ooh, ooh.",0.4000000059604645,0.4000000059604645
"Ooh, ooh",0.4000000059604645,0.4000000059604645
,,
Idontwannabeyouanymore,-0.30000001192092896,11.699999809265137
Don't be that way.,-0.800000011920929,0.800000011920929
Fall apart twice a day.,-0.4000000059604645,0.4000000059604645
I just wish you could feel what you say.,-0.10000000149011612,0.10000000149011612
"Show, never tell.",0.20000000298023224,0.20000000298023224
But I know you too well.,0.10000000149011612,0.10000000149011612
Kind of mood that you wish you could sell.,0.10000000149011612,0.10000000149011612
If teardrops could be bottled.,-0.30000001192092896,0.30000001192092896
There'd be swimming pools filled by models.,0.0,0.0
"Told ""a tight dress is what makes you a whore""
If ""I love you"" was a promise.",-0.20000000298023224,0.20000000298023224
"Would you break it, if you're honest?",-0.699999988079071,0.699999988079071
Tell the mirror what you know she's heard before.,-0.10000000149011612,0.10000000149011612
I don't wanna be you...,-0.8999999761581421,0.8999999761581421
Anymore.,0.20000000298023224,0.20000000298023224
"Hands, hands getting cold.",0.0,0.0
Losing feeling is getting old.,-0.699999988079071,0.699999988079071
Was I made from a broken mold?,-0.30000001192092896,0.30000001192092896
"Hurt, I can't shake.",-0.699999988079071,0.699999988079071
We've made every mistake.,-0.5,0.5
Only you know the way that I break.,0.0,0.0
If teardrops could be bottled.,-0.30000001192092896,0.30000001192092896
There'd be swimming pools filled by models.,0.0,0.0
"Told ""a tight dress is what makes you a whore""
If ""I love you"" was a promise.",-0.20000000298023224,0.20000000298023224
"Would you break it, if you're honest?",-0.699999988079071,0.699999988079071
Tell the mirror what you know she's heard before.,-0.10000000149011612,0.10000000149011612
I don't wanna be you.,-0.8999999761581421,0.8999999761581421
I don't wanna be you.,-0.8999999761581421,0.8999999761581421
I don't wanna be you...,-0.8999999761581421,0.8999999761581421
Anymore,0.30000001192092896,0.30000001192092896
,,
Ilomilo,-0.30000001192092896,16.799999237060547
Told you not to worry.,-0.10000000149011612,0.10000000149011612
But maybe that's a lie.,-0.800000011920929,0.800000011920929
"Honey, what's your hurry?",-0.20000000298023224,0.20000000298023224
Won't you stay inside?,-0.30000001192092896,0.30000001192092896
Remember not to get too close to stars.,-0.5,0.5
They're never gonna give you love like ours.,0.5,0.5
Where did you go?,0.0,0.0
"I should know, but it's cold.",-0.5,0.5
And I don't wanna be lonely.,-0.6000000238418579,0.6000000238418579
So show me the way home.,0.4000000059604645,0.4000000059604645
I can't lose another life.,0.6000000238418579,0.6000000238418579
"Hurry, I'm worried.",-0.699999988079071,0.699999988079071
The world's a little blurry.,-0.6000000238418579,0.6000000238418579
Or maybe it's my eyes.,-0.10000000149011612,0.10000000149011612
The friends I've had to bury.,-0.5,0.5
They keep me up at night.,0.8999999761581421,0.8999999761581421
Said I couldn't love someone.,-0.4000000059604645,0.4000000059604645
'Cause I might break.,-0.30000001192092896,0.30000001192092896
"If you're gonna die, not by mistake.",-0.699999988079071,0.699999988079071
"So, where did you go?",-0.10000000149011612,0.10000000149011612
"I should know, but it's cold.",-0.5,0.5
And I don't wanna be lonely.,-0.6000000238418579,0.6000000238418579
So tell me you'll come home.,-0.20000000298023224,0.20000000298023224
Even if it's just a lie.,-0.5,0.5
I tried not to upset you.,-0.6000000238418579,0.6000000238418579
Let you rescue me the day I met you.,0.4000000059604645,0.4000000059604645
I just wanted to protect you.,0.0,0.0
But now I'll never get to.,-0.800000011920929,0.800000011920929
"Hurry, I'm worried.",-0.699999988079071,0.699999988079071
Where did you go?,0.0,0.0
"I should know, but it's cold.",-0.5,0.5
And I don't wanna be lonely.,-0.6000000238418579,0.6000000238418579
Was hoping you'd come home.,-0.20000000298023224,0.20000000298023224
I don't care if it's a lie,-0.699999988079071,0.699999988079071
,,
Listen Before I Go,-0.10000000149011612,13.300000190734863
Take me to the rooftop.,0.10000000149011612,0.10000000149011612
I wanna see the world when I stop breathing.,0.0,0.0
Turnin' blue.,0.10000000149011612,0.10000000149011612
"Tell me love is endless, don't be so pretentious.",-0.4000000059604645,0.4000000059604645
Leave me like you do (Like you do),0.30000001192092896,0.30000001192092896
"If you need me, wanna see me.",0.5,0.5
Better hurry 'cause I'm leavin' soon.,0.30000001192092896,0.30000001192092896
Sorry can't save me now.,-0.800000011920929,0.800000011920929
Sorry I don't know how.,-0.6000000238418579,0.6000000238418579
"Sorry there's no way out (Sorry)
But down.",-0.699999988079071,0.699999988079071
"Hmm, down.",-0.30000001192092896,0.30000001192092896
"Taste me, the salty tears on my cheek.",-0.6000000238418579,0.6000000238418579
That's what a year-long headache does to you.,-0.800000011920929,0.800000011920929
"I'm not okay, I feel so scattered.",-0.800000011920929,0.800000011920929
Don't say I'm all that matters.,-0.6000000238418579,0.6000000238418579
"Leave me, déjà vu (Hmm)",-0.4000000059604645,0.4000000059604645
"If you need me, wanna see me.",0.5,0.5
"You better hurry, I'm leavin' soon.",0.0,0.0
"Sorry can't save me now (Sorry)
Sorry I don't know how (Sorry)
Sorry there's no way out (Sorry)
But down.",-0.800000011920929,0.800000011920929
"Hmm, down.",-0.30000001192092896,0.30000001192092896
Call my friends and tell them that I love them.,0.8999999761581421,0.8999999761581421
And I'll miss them.,0.30000001192092896,0.30000001192092896
But I'm not sorry.,-0.10000000149011612,0.10000000149011612
Call my friends and tell them that I love them.,0.8999999761581421,0.8999999761581421
And I'll miss them.,0.30000001192092896,0.30000001192092896
Sorry,-0.699999988079071,0.699999988079071
,,
Lovely,0.10000000149011612,9.100000381469727
Thought I found a way.,0.0,0.0
"Thought I found a way out (Found)
But you never go away (Never go away)
So I guess I gotta stay now.",0.10000000149011612,0.10000000149011612
"Oh, I hope some day I'll make it out of here.",-0.5,0.5
Even if it takes all night or a hundred years.,0.0,0.0
"Need a place to hide, but I can't find one near.",-0.30000001192092896,0.30000001192092896
"Wanna feel alive, outside I can't fight my fear.",0.30000001192092896,0.30000001192092896
"Isn't it lovely, all alone.",0.10000000149011612,0.10000000149011612
"Heart made of glass, my mind of stone.",0.699999988079071,0.699999988079071
"Tear me to pieces, skin to bone.",-0.20000000298023224,0.20000000298023224
"Hello, welcome home.",0.20000000298023224,0.20000000298023224
Walking out of time.,-0.6000000238418579,0.6000000238418579
"Looking for a better place (Looking for a better place)
Something's on my mind.",-0.10000000149011612,0.10000000149011612
Always in my head space.,0.699999988079071,0.699999988079071
But I know someday I'll make it out of here.,-0.5,0.5
Even if it takes all night or a hundred years.,0.0,0.0
"Need a place to hide, but I can't find one near.",-0.30000001192092896,0.30000001192092896
"Wanna feel alive, outside I can't fight my fear.",0.30000001192092896,0.30000001192092896
"Isn't it lovely, all alone.",0.10000000149011612,0.10000000149011612
"Heart made of glass, my mind of stone.",0.699999988079071,0.699999988079071
"Tear me to pieces, skin to bone.",-0.20000000298023224,0.20000000298023224
"Hello, welcome home.",0.20000000298023224,0.20000000298023224
"Woah, yeah.",0.699999988079071,0.699999988079071
"Yeah, ah.",0.699999988079071,0.699999988079071
"Woah, woah.",0.10000000149011612,0.10000000149011612
"Hello, welcome home",0.30000001192092896,0.30000001192092896
,,
My Boy,-0.20000000298023224,14.300000190734863
"(Three and four and)
Ba-ba-da, ba-ba-da-ba-da.",0.0,0.0
"Mmm, mmm.",0.0,0.0
"My boy's bein' sus, he was shady enough.",-0.699999988079071,0.699999988079071
But now he's just a shadow.,-0.699999988079071,0.699999988079071
My boy loves his friends like I love my split ends.,0.8999999761581421,0.8999999761581421
"And by that, I mean he cuts 'em off.",-0.6000000238418579,0.6000000238418579
(What?),-0.10000000149011612,0.10000000149011612
"My boy, my boy, my boy.",0.0,0.0
Don't love me like he promised.,-0.800000011920929,0.800000011920929
"My boy, my boy, my boy.",0.0,0.0
He ain't a man and sure as hell ain't honest.,-0.800000011920929,0.800000011920929
My boy's bein' sus and he don't know how to cuss.,-0.5,0.5
He just sounds like he's tryna be his father (Who are you?),-0.5,0.5
My boy's an ugly crier but he's such a pretty liar.,-0.6000000238418579,0.6000000238418579
"And by that, I mean he said he'd change.",-0.30000001192092896,0.30000001192092896
"My boy, my boy, my boy.",0.0,0.0
Don't love me like he promised.,-0.800000011920929,0.800000011920929
"My boy, my boy, my boy.",0.0,0.0
He ain't a man and sure as hell ain't honest.,-0.800000011920929,0.800000011920929
"My boy, my-my boy, my friends.",0.20000000298023224,0.20000000298023224
"I love-love, I-I love-love my split ends.",0.8999999761581421,0.8999999761581421
"My boy (Love, love, love, love, love, love)
My-my boy (Love, love, love, love, love, love)
My boy, my (Love, love, love, love, love, love, love, love)
(Alright, dude, go trip over a knife)",0.800000011920929,0.800000011920929
"My boy, my boy, my boy.",0.0,0.0
Don't love me like he promised.,-0.800000011920929,0.800000011920929
"My boy, my boy, my boy.",0.0,0.0
He ain't a man and sure as hell ain't honest.,-0.800000011920929,0.800000011920929
You want me to be yours?,-0.30000001192092896,0.30000001192092896
"Well, then you gotta be mine.",0.20000000298023224,0.20000000298023224
"And if you want a good girl, then goodbye.",-0.30000001192092896,0.30000001192092896
You want me to be yours?,-0.30000001192092896,0.30000001192092896
"Well, then you gotta be mine.",0.20000000298023224,0.20000000298023224
"And if you want a good girl, then goodbye",-0.20000000298023224,0.20000000298023224
,,
My Future,0.0,12.0
I can't seem to focus.,-0.800000011920929,0.800000011920929
And you don't seem to notice I'm not here.,-0.6000000238418579,0.6000000238418579
I'm just a mirror.,-0.10000000149011612,0.10000000149011612
You check your complexion.,-0.20000000298023224,0.20000000298023224
To find your reflection's all alone.,0.0,0.0
I had to go.,-0.10000000149011612,0.10000000149011612
Can't you hear me?,-0.4000000059604645,0.4000000059604645
I'm not comin' home.,-0.5,0.5
Do you understand?,-0.10000000149011612,0.10000000149011612
I've changed my plans.,0.0,0.0
"'Cause I, I'm in love.",0.8999999761581421,0.8999999761581421
With my future.,0.10000000149011612,0.10000000149011612
Can't wait to meet her.,0.8999999761581421,0.8999999761581421
"And I (I), I'm in love.",0.8999999761581421,0.8999999761581421
But not with anybody else.,-0.20000000298023224,0.20000000298023224
Just wanna get to know myself.,0.0,0.0
"I know supposedly I'm lonely now (Lonely now)
Know I'm supposed to be unhappy.",-0.800000011920929,0.800000011920929
"Without someone (Someone)
But aren't I someone?",-0.4000000059604645,0.4000000059604645
(Aren't I someone?,-0.30000001192092896,0.30000001192092896
"Yeah)
I'd (I'd) like to be your answer (Be your answer)
'Cause you're so handsome (You're so handsome)",0.8999999761581421,0.8999999761581421
But I know better.,-0.20000000298023224,0.20000000298023224
Than to drive you home.,0.20000000298023224,0.20000000298023224
'Cause you'd invite me in.,0.30000001192092896,0.30000001192092896
And I'd be yours again.,0.699999988079071,0.699999988079071
"But I (I), I'm in love (Love, love, love, love)
With my future.",0.8999999761581421,0.8999999761581421
"And you don't know her (Ooh)
And I, I'm in love (Love, love)
But not with anybody here.",-0.10000000149011612,0.10000000149011612
I'll see you in a couple years,0.0,0.0
,,
My Strange Addiction,0.0,22.700000762939453
"No, Billy, I haven't done that dance since my wife died.",-0.4000000059604645,0.4000000059604645
There’s a whole crowd of people out there who need to learn how to do The Scarn.,-0.20000000298023224,0.20000000298023224
Don't ask questions you don't wanna know.,-0.800000011920929,0.800000011920929
Learned my lesson way too long ago.,-0.10000000149011612,0.10000000149011612
"To be talkin’ to you, belladonna.",0.0,0.0
"Shoulda taken a break, not an Oxford comma.",-0.30000001192092896,0.30000001192092896
Take what I want when I wanna.,0.4000000059604645,0.4000000059604645
And I want ya.,0.30000001192092896,0.30000001192092896
"Bad, bad news.",-0.800000011920929,0.800000011920929
One of us is gonna lose.,-0.699999988079071,0.699999988079071
"I'm the powder, you're the fuse.",0.0,0.0
Just add some friction.,0.0,0.0
You are my strange addiction.,0.699999988079071,0.699999988079071
You are my strange addiction.,0.699999988079071,0.699999988079071
My doctors can't explain.,0.30000001192092896,0.30000001192092896
My symptoms or my pain.,-0.30000001192092896,0.30000001192092896
But you are my strange addiction.,0.30000001192092896,0.30000001192092896
"I'm really, really sorry, I think I was just relieved.",-0.30000001192092896,0.30000001192092896
To see that Michael Scarn got his confidence back.,0.699999988079071,0.699999988079071
"Yeah, Michael, the movie is amazing.",0.8999999761581421,0.8999999761581421
"It's like, one of the best movies I've ever seen in my life.",0.8999999761581421,0.8999999761581421
"Deadly fever, please don't ever break.",-0.4000000059604645,0.4000000059604645
Be my reliever ’cause I don’t self medicate.,-0.30000001192092896,0.30000001192092896
And it burns like a gin and I like it.,0.5,0.5
Put your lips on my skin and you might ignite it.,-0.30000001192092896,0.30000001192092896
"Hurts, but I know how to hide it, kinda like it (Teh)",0.20000000298023224,0.20000000298023224
"Bad, bad news.",-0.800000011920929,0.800000011920929
One of us is gonna lose.,-0.699999988079071,0.699999988079071
"I'm the powder, you’re the fuse.",0.0,0.0
Just add some friction.,0.0,0.0
You are my strange addiction.,0.699999988079071,0.699999988079071
You are my strange addiction.,0.699999988079071,0.699999988079071
My doctors can't explain.,0.30000001192092896,0.30000001192092896
My symptoms or my pain.,-0.30000001192092896,0.30000001192092896
But you are my strange addiction.,0.30000001192092896,0.30000001192092896
"Bite my glass, set myself on fire.",-0.20000000298023224,0.20000000298023224
Can't you tell I'm crass?,-0.30000001192092896,0.30000001192092896
Can’t you tell I'm wired?,-0.4000000059604645,0.4000000059604645
"Tell me nothing lasts, like I don't know.",-0.699999988079071,0.699999988079071
You could kiss my— asking about my motto.,0.0,0.0
You should enter it in festivals or carnivals.,0.20000000298023224,0.20000000298023224
Thoughts?,0.0,0.0
Pretty good reaction.,0.8999999761581421,0.8999999761581421
Pretty cool...,0.8999999761581421,0.8999999761581421
right?,0.0,0.0
You are my strange addiction.,0.699999988079071,0.699999988079071
You are my strange addiction.,0.699999988079071,0.699999988079071
My doctors can't explain.,0.30000001192092896,0.30000001192092896
My symptoms or my pain.,-0.30000001192092896,0.30000001192092896
But you are my strange addiction.,0.30000001192092896,0.30000001192092896
Did you like it?,0.0,0.0
Did you like that?,-0.10000000149011612,0.10000000149011612
"Um, which part?",0.0,0.0
,,
No Time to Die,-0.30000001192092896,17.799999237060547
I should have known.,-0.5,0.5
I'd leave alone.,-0.699999988079071,0.699999988079071
Just goes to show.,0.0,0.0
That the blood you bleed is just the blood you owe.,-0.699999988079071,0.699999988079071
We were a pair.,0.20000000298023224,0.20000000298023224
But I saw you there.,0.0,0.0
Too much to bear.,-0.5,0.5
"You were my life, but life is far away from fair.",-0.699999988079071,0.699999988079071
Was I stupid to love you?,-0.6000000238418579,0.6000000238418579
Was I reckless to help?,-0.699999988079071,0.699999988079071
Was it obvious to everybody else?,-0.30000001192092896,0.30000001192092896
That I'd fallen for a lie.,-0.800000011920929,0.800000011920929
You were never on my side.,-0.5,0.5
"Fool me once, fool me twice.",-0.800000011920929,0.800000011920929
Are you death or paradise?,-0.30000001192092896,0.30000001192092896
Now you'll never see me cry.,0.8999999761581421,0.8999999761581421
There's just no time to die.,-0.20000000298023224,0.20000000298023224
I let it burn.,-0.5,0.5
"You're no longer my concern, mmm.",-0.699999988079071,0.699999988079071
Faces from my past return.,-0.5,0.5
Another lesson yet to learn.,-0.4000000059604645,0.4000000059604645
That I'd fallen for a lie.,-0.800000011920929,0.800000011920929
You were never on my side.,-0.5,0.5
"Fool me once, fool me twice.",-0.800000011920929,0.800000011920929
Are you death or paradise?,-0.30000001192092896,0.30000001192092896
Now you'll never see me cry.,0.8999999761581421,0.8999999761581421
There's just no time to die.,-0.20000000298023224,0.20000000298023224
"No time to die, mmm.",-0.20000000298023224,0.20000000298023224
"No time to die, ooh.",0.0,0.0
"Fool me once, fool me twice.",-0.800000011920929,0.800000011920929
Are you death or paradise?,-0.30000001192092896,0.30000001192092896
Now you'll never see me cry.,0.8999999761581421,0.8999999761581421
There's just no time to die,-0.20000000298023224,0.20000000298023224
,,
Ocean Eyes,-0.10000000149011612,9.300000190734863
I've been watchin' you for some time.,0.0,0.0
Can't stop starin' at those ocean eyes.,0.6000000238418579,0.6000000238418579
Burning cities and napalm skies.,0.0,0.0
Fifteen flares inside those ocean eyes.,-0.10000000149011612,0.10000000149011612
Your ocean eyes.,-0.20000000298023224,0.20000000298023224
No fair.,-0.800000011920929,0.800000011920929
You really know how to make me cry.,0.20000000298023224,0.20000000298023224
When you give me those ocean eyes.,-0.4000000059604645,0.4000000059604645
I'm scared.,-0.800000011920929,0.800000011920929
I've never fallen from quite this high.,0.10000000149011612,0.10000000149011612
Fallin' into your ocean eyes.,0.0,0.0
Those ocean eyes.,0.0,0.0
I've been walkin' through a world gone blind.,-0.10000000149011612,0.10000000149011612
Can't stop thinkin' of your diamond mind.,0.699999988079071,0.699999988079071
Careful creature made friends with time.,0.0,0.0
He left her lonely with a diamond mind.,-0.20000000298023224,0.20000000298023224
And those ocean eyes.,-0.20000000298023224,0.20000000298023224
"No fair (No fair)
You really know how to make me cry.",-0.8999999761581421,0.8999999761581421
"When you give me those ocean eyes (Those ocean eyes)
I'm scared (I'm scared)
I've never fallen from quite this high.",-0.30000001192092896,0.30000001192092896
Fallin' into your ocean eyes.,0.0,0.0
Those ocean eyes.,0.0,0.0
"(Seye naeco esoht)
(Seye naeco ruoy otni 'nillaf)
Da-da-da-da-da, da-da-da-da-da (Hgih siht etiuq morf nellaf reven ev'I)
(Deracs m'I) Da-da-da-da-da-da.",0.10000000149011612,0.10000000149011612
"Da-da-da (Seye naeco esoht em evig uoy nehw)
Mmm (Yrc em ekam ot woh wonk yllaer uoy)
Mmm (Riaf on)",0.10000000149011612,0.10000000149011612
No fair.,-0.800000011920929,0.800000011920929
You really know how to make me cry.,0.20000000298023224,0.20000000298023224
When you give me those ocean eyes.,-0.4000000059604645,0.4000000059604645
I'm scared.,-0.800000011920929,0.800000011920929
I've never fallen from quite this high.,0.10000000149011612,0.10000000149011612
Fallin' into your ocean eyes.,0.0,0.0
Those ocean eyes,0.0,0.0
,,
Party Favor,-0.4000000059604645,20.0
"Hey, leave a message.",-0.20000000298023224,0.20000000298023224
"Hey, call me back when ya get this.",-0.5,0.5
Or when you've got a minute.,-0.10000000149011612,0.10000000149011612
We really need to talk.,-0.10000000149011612,0.10000000149011612
"Wait, you know what?",-0.20000000298023224,0.20000000298023224
Maybe just forget it.,-0.699999988079071,0.699999988079071
'Cause by the time you get this.,0.0,0.0
Your number might be blocked.,-0.5,0.5
"""Stay"" and ""blah blah blah""
You just want what you can't have.",-0.6000000238418579,0.6000000238418579
No way.,-0.699999988079071,0.699999988079071
I'll call the cops.,-0.699999988079071,0.699999988079071
"If you don't stop, I'll call your dad.",-0.30000001192092896,0.30000001192092896
And I hate to do this to you on your birthday.,-0.800000011920929,0.800000011920929
"Happy birthday, by the way.",0.800000011920929,0.800000011920929
"""It's not you, it's me"" and all that other bullshit.",-0.800000011920929,0.800000011920929
You know that's bullshit.,-0.8999999761581421,0.8999999761581421
"Don'tcha, babe?",0.10000000149011612,0.10000000149011612
I'm not your party favor.,-0.699999988079071,0.699999988079071
"Look, now I know we coulda done it better.",0.0,0.0
But we can't change the weather.,-0.800000011920929,0.800000011920929
When the weather's come and gone.,-0.30000001192092896,0.30000001192092896
Books don't make sense if you read 'em backwards.,-0.800000011920929,0.800000011920929
You'll single out the wrong words.,-0.699999988079071,0.699999988079071
Like you mishear all my songs.,0.30000001192092896,0.30000001192092896
"You'll hear ""stay"" and ""blah blah blah""
You just want what you can't have.",-0.800000011920929,0.800000011920929
No way.,-0.699999988079071,0.699999988079071
I'll call the cops.,-0.699999988079071,0.699999988079071
"If you don't stop, I'll call your dad.",-0.30000001192092896,0.30000001192092896
And I hate to do this to you on your birthday.,-0.800000011920929,0.800000011920929
Happy birthday by the way.,0.8999999761581421,0.8999999761581421
"""It's not you, it's me"" and all that other bullshit.",-0.800000011920929,0.800000011920929
You know that's bullshit.,-0.8999999761581421,0.8999999761581421
"Don'tcha, babe?",0.10000000149011612,0.10000000149011612
I'm not your party favor,-0.699999988079071,0.699999988079071
,,
Six Feet Under,-0.10000000149011612,10.899999618530273
"Help, I lost myself again.",-0.699999988079071,0.699999988079071
But I remember you.,0.0,0.0
Don't come back.,-0.800000011920929,0.800000011920929
It won't end well.,-0.800000011920929,0.800000011920929
But I wish you'd tell me to.,-0.10000000149011612,0.10000000149011612
Our love is six feet under.,0.30000001192092896,0.30000001192092896
I can't help but wonder.,0.0,0.0
If our grave was watered by the rain.,-0.30000001192092896,0.30000001192092896
Would roses bloom?,0.10000000149011612,0.10000000149011612
Could roses bloom.,0.0,0.0
Again?,-0.20000000298023224,0.20000000298023224
Retrace my lips.,0.10000000149011612,0.10000000149011612
Erase your touch.,-0.20000000298023224,0.20000000298023224
It's all too much for me.,-0.30000001192092896,0.30000001192092896
Blow away.,0.0,0.0
Like smoke in air.,-0.5,0.5
How can you die carelessly?,-0.4000000059604645,0.4000000059604645
Our love is six feet under.,0.30000001192092896,0.30000001192092896
I can't help but wonder.,0.0,0.0
If our grave was watered by the rain.,-0.30000001192092896,0.30000001192092896
Would roses bloom?,0.10000000149011612,0.10000000149011612
Could roses bloom?,0.0,0.0
They're playin' our sound.,-0.10000000149011612,0.10000000149011612
Layin' us down tonight.,-0.6000000238418579,0.6000000238418579
And all of these clouds.,-0.10000000149011612,0.10000000149011612
Crying us back to life.,0.6000000238418579,0.6000000238418579
But you're cold as a night.,-0.699999988079071,0.699999988079071
Six feet under.,0.0,0.0
I can't help but wonder.,0.0,0.0
If our grave was watered by the rain.,-0.30000001192092896,0.30000001192092896
Bloom.,0.20000000298023224,0.20000000298023224
Bloom.,0.20000000298023224,0.20000000298023224
Again.,-0.20000000298023224,0.20000000298023224
"Help, I lost myself again.",-0.699999988079071,0.699999988079071
But I remember you,0.0,0.0
,,
Watch,-0.20000000298023224,13.0
Lips meet teeth and tongue.,0.10000000149011612,0.10000000149011612
My heart skips eight beats at once.,0.20000000298023224,0.20000000298023224
"If we were meant to be, we would have been by now.",-0.10000000149011612,0.10000000149011612
"See what you wanna see, but all I see is him right now.",0.0,0.0
I'll sit and watch your car burn.,-0.699999988079071,0.699999988079071
With the fire that you started in me.,0.0,0.0
But you never came back to ask it out.,-0.6000000238418579,0.6000000238418579
Go ahead and watch my heart burn.,-0.10000000149011612,0.10000000149011612
With the fire that you started in me.,0.0,0.0
But I'll never let you back to put it out.,-0.30000001192092896,0.30000001192092896
Your love feels so fake.,-0.800000011920929,0.800000011920929
And my demands aren't high to make.,0.0,0.0
"If I could get to sleep, I would have slept by now.",-0.30000001192092896,0.30000001192092896
"Your lies will never keep, I think you need to blow 'em out.",-0.8999999761581421,0.8999999761581421
I'll sit and watch your car burn.,-0.699999988079071,0.699999988079071
With the fire that you started in me.,0.0,0.0
But you never came back to ask it out.,-0.6000000238418579,0.6000000238418579
Go ahead and watch my heart burn.,-0.10000000149011612,0.10000000149011612
With the fire that you started in me.,0.0,0.0
But I'll never let you back to put it out.,-0.30000001192092896,0.30000001192092896
When you call my name.,-0.20000000298023224,0.20000000298023224
Do you think I'll come runnin'?,-0.30000001192092896,0.30000001192092896
You never did the same.,-0.10000000149011612,0.10000000149011612
"So good at givin' me nothin'
When you close your eyes, do you picture me?",0.699999988079071,0.699999988079071
"When you fantasize, am I your fantasy?",0.0,0.0
Now you know.,0.0,0.0
Now I'm free.,0.8999999761581421,0.8999999761581421
I'll sit and watch your car burn.,-0.699999988079071,0.699999988079071
With the fire that you started in me.,0.0,0.0
But you never came back to ask it out.,-0.6000000238418579,0.6000000238418579
Watch my heart burn.,-0.699999988079071,0.699999988079071
With the fire that you started in me.,0.0,0.0
But I'll never let you back to put it out.,-0.30000001192092896,0.30000001192092896
Never let you back.,-0.699999988079071,0.699999988079071
"Let you back, let you back.",-0.20000000298023224,0.20000000298023224
Never gonna let you back.,-0.20000000298023224,0.20000000298023224
Let you back,0.10000000149011612,0.10000000149011612
,,
When I Was Older,0.0,11.0
When I was older.,-0.30000001192092896,0.30000001192092896
I was a sailor on an open sea.,0.0,0.0
But now I'm underwater.,0.0,0.0
And my skin is paler than it should ever be.,-0.4000000059604645,0.4000000059604645
Hmm.,0.0,0.0
I'm on my back again.,0.30000001192092896,0.30000001192092896
Dreaming of a time and place.,-0.10000000149011612,0.10000000149011612
Where you and I remain the best of friends.,0.8999999761581421,0.8999999761581421
Even after all this ends.,-0.30000001192092896,0.30000001192092896
Can we pretend?,0.0,0.0
"I'm on my, I'm on my back again.",0.4000000059604645,0.4000000059604645
It's seeming more and more.,0.0,0.0
Like all we ever do is see how far it bends.,-0.30000001192092896,0.30000001192092896
Before it breaks in half and then.,-0.10000000149011612,0.10000000149011612
We bend it back again.,-0.30000001192092896,0.30000001192092896
Guess I got caught in the middle of it.,-0.6000000238418579,0.6000000238418579
"Yes I've been taught, got a little of it.",0.0,0.0
"In my blood, in my blood.",-0.20000000298023224,0.20000000298023224
Memories burn like a forest fire.,0.0,0.0
Heavy rain turns any funeral pyre to mud.,-0.5,0.5
In the flood.,-0.20000000298023224,0.20000000298023224
When I was older.,-0.30000001192092896,0.30000001192092896
I was a sailor on an open sea.,0.0,0.0
But now I'm underwater.,0.0,0.0
And my skin is paler than it should ever be.,-0.4000000059604645,0.4000000059604645
"I'm watching movies back to back in black and white, I never.",-0.20000000298023224,0.20000000298023224
Seen anybody do it like I do it any better.,0.10000000149011612,0.10000000149011612
"Been goin' over you, I'm overdue for new endeavors.",0.800000011920929,0.800000011920929
Nobody lonely like I'm lonely and I don't know whether.,0.0,0.0
You'd really like it in the limelight.,0.699999988079071,0.699999988079071
You'd sympathize with all the bad guys.,-0.699999988079071,0.699999988079071
I'm still a victim in my own right.,-0.699999988079071,0.699999988079071
"But I'm the villain in my own eyes, yeah.",0.20000000298023224,0.20000000298023224
When I was older.,-0.30000001192092896,0.30000001192092896
I was a sailor on an open sea,0.0,0.0
,,
When the Party's Over,0.10000000149011612,8.899999618530273
Don't you know I'm no good for you?,-0.699999988079071,0.699999988079071
"I've learned to lose you, can't afford to.",-0.20000000298023224,0.20000000298023224
"Tore my shirt to stop you bleedin'
But nothin' ever stops you leavin'",0.0,0.0
Quiet when I'm coming home and I'm on my own.,0.800000011920929,0.800000011920929
"I could lie, say I like it like that, like it like that.",0.30000001192092896,0.30000001192092896
"I could lie, say I like it like that, like it like that.",0.30000001192092896,0.30000001192092896
Don't you know too much already?,-0.5,0.5
I'll only hurt you if you let me.,-0.800000011920929,0.800000011920929
"Call me friend, but keep me closer (Call me back)
And I'll call you when the party's over.",0.30000001192092896,0.30000001192092896
Quiet when I'm coming home and I'm on my own.,0.800000011920929,0.800000011920929
"And I could lie, say I like it like that, like it like that.",0.4000000059604645,0.4000000059604645
"Yeah, I could lie, say I like it like that, like it like that.",0.6000000238418579,0.6000000238418579
But nothin' is better sometimes.,-0.4000000059604645,0.4000000059604645
Once we've both said our goodbyes.,0.0,0.0
Let's just let it go.,-0.20000000298023224,0.20000000298023224
Let me let you go.,-0.20000000298023224,0.20000000298023224
Quiet when I'm coming home and I'm on my own.,0.800000011920929,0.800000011920929
"I could lie, say I like it like that, like it like that.",0.30000001192092896,0.30000001192092896
"I could lie, say I like it like that, like it like that",0.5,0.5
,,
Wish You Were Gay,-0.20000000298023224,15.0
"""Baby, I don't feel so good,"" six words you never understood.",0.10000000149011612,0.10000000149011612
"""I'll never let you go,"" five words you'll never say (Aww)
I laugh along like nothing's wrong, four days has never felt so long.",0.4000000059604645,0.4000000059604645
"If three's a crowd and two was us, one slipped away (Hahahahahahahaha)",-0.30000001192092896,0.30000001192092896
I just wanna make you feel okay.,0.5,0.5
But all you do is look the other way.,-0.699999988079071,0.699999988079071
I can't tell you how much I wish I didn't wanna stay.,-0.699999988079071,0.699999988079071
I just kinda wish you were gay.,0.0,0.0
Is there a reason we're not through?,-0.4000000059604645,0.4000000059604645
Is there a 12 step just for you?,-0.10000000149011612,0.10000000149011612
Our conversation's all in blue.,0.10000000149011612,0.10000000149011612
"11 ""heys"" (Hey, hey, hey, hey)
Ten fingers tearin' out my hair.",0.10000000149011612,0.10000000149011612
Nine times you never made it there.,-0.6000000238418579,0.6000000238418579
"I ate alone at 7, you were six minutes away.",-0.4000000059604645,0.4000000059604645
(Yay),0.800000011920929,0.800000011920929
How am I supposed to make you feel okay.,-0.5,0.5
When all you do is walk the other way?,-0.30000001192092896,0.30000001192092896
I can't tell you how much I wish I didn't wanna stay.,-0.699999988079071,0.699999988079071
I just kinda wish you were gay.,0.0,0.0
To spare my pride.,0.10000000149011612,0.10000000149011612
To give your lack of interest an explanation.,-0.800000011920929,0.800000011920929
Don't say I'm not your type.,-0.6000000238418579,0.6000000238418579
Just say that I'm not your preferred sexual orientation.,-0.699999988079071,0.699999988079071
I'm so selfish.,-0.8999999761581421,0.8999999761581421
"But you make me feel helpless, yeah.",-0.800000011920929,0.800000011920929
And I can't stand another day.,-0.699999988079071,0.699999988079071
Stand another day.,0.0,0.0
I just wanna make you feel okay.,0.5,0.5
"But all you do is look the other way, hmm.",-0.800000011920929,0.800000011920929
I can't tell you how much I wish I didn't wanna stay.,-0.699999988079071,0.699999988079071
I just kinda wish you were gay.,0.0,0.0
I just kinda wish you were gay.,0.0,0.0
I just kinda wish you were gay,0.20000000298023224,0.20000000298023224
,,
Xanny,-0.4000000059604645,18.0
What is it about them?,0.0,0.0
I must be missing something.,-0.6000000238418579,0.6000000238418579
They just keep doing nothing.,-0.8999999761581421,0.8999999761581421
Too intoxicated to be scared.,-0.800000011920929,0.800000011920929
Better off without them.,-0.8999999761581421,0.8999999761581421
They're nothing but unstable.,-0.800000011920929,0.800000011920929
Bring ashtrays to the table.,-0.20000000298023224,0.20000000298023224
And that's about the only thing they share.,-0.6000000238418579,0.6000000238418579
I'm in their secondhand smoke.,-0.6000000238418579,0.6000000238418579
Still just drinking canned Coke.,-0.699999988079071,0.699999988079071
I don't need a Xanny to feel better.,0.10000000149011612,0.10000000149011612
On designated drives home.,0.0,0.0
Only one who's not stoned.,-0.30000001192092896,0.30000001192092896
"Don't give me a Xanny, now or ever.",-0.699999988079071,0.699999988079071
Can you check your Uber rating?,-0.10000000149011612,0.10000000149011612
Oh my god.,0.0,0.0
"(And it's like, wait, like, when?)",-0.10000000149011612,0.10000000149011612
"Wakin' up at sundown (Ooh)
They're late to every party (Ooh)
Nobody's ever sorry (Ooh)
Too inebriated now to dance.",-0.30000001192092896,0.30000001192092896
"Morning as they come down (Come down)
Their pretty heads are hurting (Hurting)
They're awfully bad at learning (Learning)
Make the same mistakes, blame circumstance.",-0.800000011920929,0.800000011920929
I'm in their secondhand smoke.,-0.6000000238418579,0.6000000238418579
Still just drinking canned Coke.,-0.699999988079071,0.699999988079071
I don't need a Xanny to feel better.,0.10000000149011612,0.10000000149011612
On designated drives home.,0.0,0.0
Only one who's not stoned.,-0.30000001192092896,0.30000001192092896
"Don't give me a Xanny, now or ever.",-0.699999988079071,0.699999988079071
Please don't try to kiss me on the sidewalk.,-0.800000011920929,0.800000011920929
On your cigarette break.,-0.6000000238418579,0.6000000238418579
I can't afford to love someone.,-0.699999988079071,0.699999988079071
Who isn't dying by mistake in Silver Lake.,0.0,0.0
What is it about them?,0.0,0.0
I must be missing something.,-0.6000000238418579,0.6000000238418579
They just keep doin' nothing.,-0.800000011920929,0.800000011920929
Too intoxicated to be scared.,-0.800000011920929,0.800000011920929
"Hmm, hmm.",0.0,0.0
"Hmm, mmm, mmm, mmm, mmm.",0.0,0.0
Come down.,-0.6000000238418579,0.6000000238418579
Hurting.,0.30000001192092896,0.30000001192092896
Learning,0.20000000298023224,0.20000000298023224
,,
You Should See Me in a Crown,0.10000000149011612,12.699999809265137
"Bite my tongue, bide my time.",-0.20000000298023224,0.20000000298023224
Wearing a warning sign.,-0.30000001192092896,0.30000001192092896
Wait 'til the world is mine.,0.20000000298023224,0.20000000298023224
Visions I vandalize.,0.10000000149011612,0.10000000149011612
Cold in my kingdom size.,-0.4000000059604645,0.4000000059604645
Fell for these ocean eyes.,0.4000000059604645,0.4000000059604645
You should see me in a crown.,0.20000000298023224,0.20000000298023224
I'm gonna run this nothing town.,-0.4000000059604645,0.4000000059604645
Watch me make 'em bow.,0.10000000149011612,0.10000000149011612
One by one by one.,0.10000000149011612,0.10000000149011612
One by one by.,0.10000000149011612,0.10000000149011612
You should see me in a crown.,0.20000000298023224,0.20000000298023224
Your silence is my favorite sound.,0.8999999761581421,0.8999999761581421
Watch me make 'em bow.,0.10000000149011612,0.10000000149011612
One by one by one.,0.10000000149011612,0.10000000149011612
One by one by one.,0.10000000149011612,0.10000000149011612
"Count my cards, watch them fall.",-0.20000000298023224,0.20000000298023224
Blood on a marble wall.,0.0,0.0
I like the way they all scream.,0.8999999761581421,0.8999999761581421
Tell me which one is worse.,-0.800000011920929,0.800000011920929
Living or dying first.,-0.10000000149011612,0.10000000149011612
Sleeping inside a hearse (I don't dream),0.0,0.0
"You say, ""Come over, baby.",-0.10000000149011612,0.10000000149011612
"I think you're pretty""
I'm okay, I'm not your baby.",0.10000000149011612,0.10000000149011612
If you think I'm pretty.,0.0,0.0
You should see me in a crown.,0.20000000298023224,0.20000000298023224
I'm gonna run this nothing town.,-0.4000000059604645,0.4000000059604645
Watch me make 'em bow.,0.10000000149011612,0.10000000149011612
One by one by one.,0.10000000149011612,0.10000000149011612
One by one by.,0.10000000149011612,0.10000000149011612
You should see me in a crown.,0.20000000298023224,0.20000000298023224
Your silence is my favorite sound.,0.8999999761581421,0.8999999761581421
Watch me make 'em bow.,0.10000000149011612,0.10000000149011612
One by one by one.,0.10000000149011612,0.10000000149011612
One by one by one.,0.10000000149011612,0.10000000149011612
Crown.,0.10000000149011612,0.10000000149011612
I'm gonna run this nothing town.,-0.4000000059604645,0.4000000059604645
Watch me make 'em bow.,0.10000000149011612,0.10000000149011612
One by one by one.,0.10000000149011612,0.10000000149011612
One by one by.,0.10000000149011612,0.10000000149011612
"You should see me in a crown (You should see me, see me)
Your silence is my favorite sound (You should see me, see me)
Watch me make 'em bow.",0.8999999761581421,0.8999999761581421
One by one by one.,0.10000000149011612,0.10000000149011612
One by one by one,0.10000000149011612,0.10000000149011612
,,
